{"frameRate":24,"isGlobal":0,"armature":[{"aabb":{"width":122.6291226421817,"y":-38.32151954586014,"height":29.450000000000003,"x":-62.080164500624875},"defaultActions":[{"gotoAndPlay":"newAnimation"}],"type":"Armature","name":"Armature","slot":[{"name":"dian","parent":"dian","color":{}},{"z":1,"name":"dian1","parent":"dian1","color":{}},{"z":2,"name":"dian11","parent":"dian11","color":{}}],"animation":[{"frame":[],"bone":[{"frame":[{"duration":25,"transform":{}}],"name":"root"},{"frame":[{"tweenEasing":0,"duration":5,"transform":{}},{"tweenEasing":0,"duration":5,"transform":{"y":-36.6317}},{"tweenEasing":0,"duration":5,"transform":{"y":3.4635}},{"duration":10,"transform":{}}],"name":"dian"},{"frame":[{"duration":5,"transform":{}},{"tweenEasing":0,"duration":5,"transform":{}},{"tweenEasing":0,"duration":5,"transform":{"y":-35.6131}},{"tweenEasing":0,"duration":5,"transform":{"y":3.5043}},{"duration":5,"transform":{}}],"name":"dian1"},{"frame":[{"duration":10,"transform":{}},{"tweenEasing":0,"duration":5,"transform":{}},{"tweenEasing":0,"duration":5,"transform":{"y":-36.8762}},{"tweenEasing":0,"duration":5,"transform":{"y":3.4635}},{"duration":0,"transform":{}}],"name":"dian11"}],"ik":[],"ffd":[],"duration":25,"name":"newAnimation","slot":[],"playTimes":0}],"skin":[{"name":"","slot":[{"display":[{"path":"dian","type":"image","name":"dian","transform":{"y":2.4844,"x":1.7198}}],"name":"dian11"},{"display":[{"path":"dian","type":"image","name":"dian","transform":{"y":2.4844,"x":1.7198}}],"name":"dian1"},{"display":[{"path":"dian","type":"image","name":"dian","transform":{"y":2.4844,"x":1.7198}}],"name":"dian"}]}],"ik":[],"frameRate":24,"bone":[{"name":"root","transform":{}},{"transform":{"y":-25.8559,"x":-49.3},"name":"dian","parent":"root"},{"transform":{"y":-26.3059,"x":-0.2158},"name":"dian1","parent":"root"},{"transform":{"y":-26.2687,"x":44.3291},"name":"dian11","parent":"root"}]}],"name":"dengdaiwanjia","version":"4.5"}