{"frameRate":30,"isGlobal":0,"armature":[{"aabb":{"width":291.1180694732532,"y":-198,"height":726.02,"x":-157.62},"defaultActions":[{"gotoAndPlay":"animation"}],"type":"Armature","name":"armatureName","slot":[{"name":"yinying","parent":"root","color":{}},{"z":1,"name":"penghuoguang","parent":"penghuoguang","color":{}},{"z":2,"name":"huojian","parent":"huojian","color":{}},{"z":3,"name":"penhuo","parent":"penhuo","color":{}},{"z":4,"name":"partical_0","parent":"bone","color":{}}],"animation":[{"frame":[],"bone":[{"frame":[{"duration":3,"curve":[0.25,0,0.75,1],"transform":{"y":353.05}},{"duration":2,"curve":[0.25,0,0.75,1],"transform":{"y":348.17,"x":-5.42}},{"duration":2,"curve":[0.25,0,0.75,1],"transform":{"y":348.37,"x":13.46}},{"duration":2,"curve":[0.25,0,0.75,1],"transform":{"y":375.05,"x":16.47}},{"duration":5,"curve":[0.25,0,0.75,1],"transform":{"y":377.26,"x":-4.86}},{"duration":2,"curve":[0.25,0,0.75,1],"transform":{"y":394.47,"scX":1.1,"scY":0.9}},{"tweenEasing":0,"duration":6,"transform":{"y":394.47,"scX":0.95}},{"duration":3,"transform":{"y":-989.15,"scX":0.95}}],"name":"huojian"},{"frame":[{"tweenEasing":0,"duration":16,"transform":{}},{"duration":9,"transform":{}}],"name":"penhuo"},{"frame":[{"tweenEasing":0,"duration":3,"transform":{"y":-4.42,"x":-6.2}},{"tweenEasing":0,"duration":14,"transform":{"y":-4,"x":-14.04}},{"duration":8,"transform":{"y":-4,"scX":1.5,"scY":1.2,"x":-14.04}}],"name":"penghuoguang"},{"frame":[{"tweenEasing":0,"duration":15,"transform":{}},{"tweenEasing":0,"duration":1,"transform":{"y":162.16,"scX":1.25,"scY":1.25,"x":24.81}},{"tweenEasing":0,"duration":1,"transform":{"y":358.24,"scX":1.25,"scY":1.25,"x":-47.15}},{"tweenEasing":0,"duration":1,"transform":{"y":297.43,"scX":1.25,"scY":1.25,"x":-69.49}},{"duration":7,"transform":{"y":297.43,"scX":1.25,"scY":1.25,"x":-82.67}}],"name":"bone"},{"frame":[{"duration":25,"transform":{}}],"name":"root"}],"ik":[],"ffd":[],"duration":25,"name":"animation","slot":[{"frame":[{"tweenEasing":0,"duration":14,"color":{"aM":0}},{"tweenEasing":0,"duration":1,"color":{"aM":0}},{"tweenEasing":0,"duration":1,"color":{"aM":55}},{"tweenEasing":0,"displayIndex":1,"duration":1},{"tweenEasing":0,"displayIndex":2,"duration":1},{"tweenEasing":0,"displayIndex":3,"duration":1},{"tweenEasing":0,"displayIndex":4,"duration":1},{"tweenEasing":0,"displayIndex":5,"duration":1},{"tweenEasing":null,"displayIndex":6,"duration":4}],"name":"partical_0"},{"frame":[{"tweenEasing":0,"duration":3,"color":{"aM":0}},{"tweenEasing":null,"duration":10},{"tweenEasing":0,"duration":4},{"tweenEasing":null,"duration":8,"color":{"aM":0}}],"name":"penghuoguang"},{"frame":[{"tweenEasing":null,"duration":13,"color":{"aM":0}},{"tweenEasing":0,"duration":3,"color":{"aM":0}},{"tweenEasing":null,"duration":9},{"tweenEasing":null,"duration":0}],"name":"penhuo"},{"frame":[{"tweenEasing":0,"duration":5,"color":{"aM":0}},{"tweenEasing":null,"duration":13},{"tweenEasing":0,"duration":7},{"tweenEasing":null,"duration":0,"color":{"aM":0}}],"name":"yinying"}]}],"skin":[{"name":"","slot":[{"display":[{"path":"yinying","type":"image","name":"yinying","transform":{"y":450.02,"scX":133.397,"x":-0.8}}],"name":"yinying"},{"display":[{"path":"partical_0","type":"image","name":"partical_0","transform":{"y":-33.91,"x":-43.16}},{"path":"partical_1","type":"image","name":"partical_1","transform":{"y":-82.13,"x":-21.16}},{"path":"partical_2","type":"image","name":"partical_2","transform":{"y":-84.99,"x":-16.17}},{"path":"partical_3","type":"image","name":"partical_3","transform":{"y":-123.12,"x":-12.19}},{"path":"partical_4","type":"image","name":"partical_4","transform":{"y":-130.21,"x":-9.2}},{"path":"partical_5","type":"image","name":"partical_5","transform":{"y":-153.28,"x":-11.21}},{"path":"partical_6","type":"image","name":"partical_6","transform":{"y":-206.95,"x":-15.16}}],"name":"partical_0"},{"display":[{"path":"penghuoguang","type":"image","name":"penghuoguang","transform":{"y":-25.04,"x":-0.23}}],"name":"penghuoguang"},{"display":[{"path":"penhuo","type":"image","name":"penhuo","transform":{"y":95.31,"scX":2,"scY":2,"x":3.23}}],"name":"penhuo"},{"display":[{"path":"huojian","type":"image","name":"huojian","transform":{"y":25.75,"scX":2,"scY":2,"x":-0.84}}],"name":"huojian"}]}],"ik":[],"frameRate":30,"bone":[{"name":"root","transform":{}},{"transform":{"y":292.45,"scX":4,"scY":4,"x":116.52},"name":"bone","parent":"root"},{"transform":{"y":-97.25,"x":-1.08},"name":"huojian","parent":"root"},{"transform":{"y":505.96,"scX":4,"scY":4,"x":23.9181},"name":"penghuoguang","parent":"root"},{"transform":{"y":224.93,"x":-2.15},"name":"penhuo","parent":"huojian"}]}],"name":"huojian","version":"4.5"}