{
  "f8e6b000-5643-4b86-9080-aa680ce1f599": {
    "asset": 1520237598000,
    "meta": 1520237598000,
    "relativePath": "image"
  },
  "fc09f9bd-2cce-4605-b630-8145ef809ed6": {
    "asset": 1520237598000,
    "meta": 1520237598000,
    "relativePath": "misc"
  },
  "2be36297-9abb-4fee-8049-9ed5e271da8a": {
    "asset": 1520237598000,
    "meta": 1520237598000,
    "relativePath": "misc/default_video.mp4"
  },
  "f6e6dd15-71d1-4ffe-ace7-24fd39942c05": {
    "asset": 1520237598000,
    "meta": 1520237598000,
    "relativePath": "obsolete"
  },
  "b8223619-7e38-47c4-841f-9160c232495a": {
    "asset": 1520237598000,
    "meta": 1520237598000,
    "relativePath": "obsolete/atom.plist"
  },
  "f743d2b6-b7ea-4c14-a55b-547ed4d0a045": {
    "asset": 1520237598000,
    "meta": 1520237598000,
    "relativePath": "particle"
  },
  "b2687ac4-099e-403c-a192-ff477686f4f5": {
    "asset": 1520237598000,
    "meta": 1520237598000,
    "relativePath": "particle/atom.plist"
  },
  "ae6c6c98-11e4-452f-8758-75f5c6a56e83": {
    "asset": 1520237598000,
    "meta": 1520237598000,
    "relativePath": "prefab"
  },
  "29f52784-2fca-467b-92e7-8fd9ef8c57b7": {
    "asset": 1527077519000,
    "meta": 1517998966000,
    "relativePath": "Scene"
  },
  "4734c20c-0db8-4eb2-92ea-e692f4d70934": {
    "asset": 1527130970000,
    "meta": 1517998966000,
    "relativePath": "Script"
  },
  "2d2f792f-a40c-49bb-a189-ed176a246e49": {
    "asset": 1517998966000,
    "meta": 1526442292000,
    "relativePath": "Scene/helloworld.fire"
  },
  "7b81d4e8-ec84-4716-968d-500ac1d78a54": {
    "asset": 1527144013000,
    "meta": 1517998966000,
    "relativePath": "Texture"
  },
  "a8027877-d8d6-4645-97a0-52d4a0123dba": {
    "asset": 1517998966000,
    "meta": 1526442293000,
    "relativePath": "Texture/singleColor.png"
  },
  "6aa0aa6a-ebee-4155-a088-a687a6aadec4": {
    "asset": 1517998966000,
    "meta": 1526442293000,
    "relativePath": "Texture/HelloWorld.png"
  },
  "5ec0809b-b563-429c-b49a-86050054f2bc": {
    "asset": 1527156307000,
    "meta": 1527156307000,
    "relativePath": "Scene/GameScene.fire"
  },
  "67b31aed-4d3f-43fd-b907-52b5006d55d0": {
    "asset": 1518001622000,
    "meta": 1526442293000,
    "relativePath": "Texture/paizhuobeijing.png"
  },
  "305b0ba9-8e0d-4b26-961a-92970af39e83": {
    "asset": 1518002320000,
    "meta": 1526442293000,
    "relativePath": "Texture/pokerBg.png"
  },
  "20ac1e46-8924-4b7f-96a9-5509888c2233": {
    "asset": 1527143373000,
    "meta": 1518057158000,
    "relativePath": "resources"
  },
  "280c3aec-6492-4a9d-9f51-a9b00b570b4a": {
    "asset": 1518157562000,
    "meta": 1526442293000,
    "relativePath": "Script/HelloWorld.js"
  },
  "71dbf352-40a4-415e-821b-d11e3d829425": {
    "asset": 1518169246000,
    "meta": 1526442293000,
    "relativePath": "Script/helper.js"
  },
  "2200ef33-e346-45b7-81a4-55bcb49d051b": {
    "asset": 1526467503000,
    "meta": 1526467516000,
    "relativePath": "Script/PokerData.js"
  },
  "adfaf6c4-cf24-433f-9efe-80b01f5ec3f1": {
    "asset": 1526621158000,
    "meta": 1526621158000,
    "relativePath": "Texture/opratShowCard.prefab"
  },
  "a68071e0-d437-4e20-881f-5fd04b20faed": {
    "asset": 1526624373000,
    "meta": 1526624373000,
    "relativePath": "Texture/opratCallLord.prefab"
  },
  "764ae265-a557-4737-8734-a45ad015783a": {
    "asset": 1527155924000,
    "meta": 1527155924000,
    "relativePath": "Texture/opratOutCard.prefab"
  },
  "d3b306cb-9bfa-46df-b89f-370f6c01c3d8": {
    "asset": 1526615469000,
    "meta": 1526615469000,
    "relativePath": "Texture/opratDouble.prefab"
  },
  "9a2ba507-efc7-410d-85a2-d8e3c89fe3f0": {
    "asset": 1519985802000,
    "meta": 1526537697000,
    "relativePath": "Texture/p_clock.png"
  },
  "e851e89b-faa2-4484-bea6-5c01dd9f06e2": {
    "asset": 1520237598000,
    "meta": 1526550786000,
    "relativePath": "image/default_btn_normal.png"
  },
  "71561142-4c83-4933-afca-cb7a17f67053": {
    "asset": 1520237598000,
    "meta": 1526550786000,
    "relativePath": "image/default_btn_disabled.png"
  },
  "d81ec8ad-247c-4e62-aa3c-d35c4193c7af": {
    "asset": 1520237598000,
    "meta": 1526550786000,
    "relativePath": "image/default_panel.png"
  },
  "b43ff3c2-02bb-4874-81f7-f2dea6970f18": {
    "asset": 1520237598000,
    "meta": 1526550786000,
    "relativePath": "image/default_btn_pressed.png"
  },
  "99170b0b-d210-46f1-b213-7d9e3f23098a": {
    "asset": 1520237598000,
    "meta": 1526550786000,
    "relativePath": "image/default_progressbar_bg.png"
  },
  "cfef78f1-c8df-49b7-8ed0-4c953ace2621": {
    "asset": 1520237598000,
    "meta": 1526550786000,
    "relativePath": "image/default_progressbar.png"
  },
  "567dcd80-8bf4-4535-8a5a-313f1caf078a": {
    "asset": 1520237598000,
    "meta": 1526550786000,
    "relativePath": "image/default_radio_button_off.png"
  },
  "9d60001f-b5f4-4726-a629-2659e3ded0b8": {
    "asset": 1520237598000,
    "meta": 1526550786000,
    "relativePath": "image/default_radio_button_on.png"
  },
  "4bab67cb-18e6-4099-b840-355f0473f890": {
    "asset": 1520237598000,
    "meta": 1526550786000,
    "relativePath": "image/default_scrollbar_bg.png"
  },
  "617323dd-11f4-4dd3-8eec-0caf6b3b45b9": {
    "asset": 1520237598000,
    "meta": 1526550786000,
    "relativePath": "image/default_scrollbar_vertical_bg.png"
  },
  "d6d3ca85-4681-47c1-b5dd-d036a9d39ea2": {
    "asset": 1520237598000,
    "meta": 1526550786000,
    "relativePath": "image/default_scrollbar_vertical.png"
  },
  "0291c134-b3da-4098-b7b5-e397edbe947f": {
    "asset": 1520237598000,
    "meta": 1526550786000,
    "relativePath": "image/default_scrollbar.png"
  },
  "0275e94c-56a7-410f-bd1a-fc7483f7d14a": {
    "asset": 1520237598000,
    "meta": 1526550786000,
    "relativePath": "image/default_sprite_splash.png"
  },
  "6e056173-d285-473c-b206-40a7fff5386e": {
    "asset": 1520237598000,
    "meta": 1526550786000,
    "relativePath": "image/default_sprite.png"
  },
  "73a0903d-d80e-4e3c-aa67-f999543c08f5": {
    "asset": 1520237598000,
    "meta": 1526550786000,
    "relativePath": "image/default_toggle_checkmark.png"
  },
  "d29077ba-1627-4a72-9579-7b56a235340c": {
    "asset": 1520237598000,
    "meta": 1526550786000,
    "relativePath": "image/default_toggle_normal.png"
  },
  "c25b9d50-c8fc-4d27-beeb-6e7c1f2e5c0f": {
    "asset": 1520237598000,
    "meta": 1526550786000,
    "relativePath": "image/default_toggle_disabled.png"
  },
  "972b9a4d-47ee-4c74-b5c3-61d8a69bc29f": {
    "asset": 1520237598000,
    "meta": 1526550786000,
    "relativePath": "prefab/button.prefab"
  },
  "2c937608-2562-40ea-b264-7395df6f0cea": {
    "asset": 1520237598000,
    "meta": 1526550786000,
    "relativePath": "prefab/canvas.prefab"
  },
  "b181c1e4-0a72-4a91-bfb0-ae6f36ca60bd": {
    "asset": 1520237598000,
    "meta": 1526550786000,
    "relativePath": "image/default_toggle_pressed.png"
  },
  "61aeb05b-3b32-452b-8eed-2b76deeed554": {
    "asset": 1520237598000,
    "meta": 1526550786000,
    "relativePath": "prefab/editbox.prefab"
  },
  "27756ebb-3d33-44b0-9b96-e858fadd4dd4": {
    "asset": 1520237598000,
    "meta": 1526550786000,
    "relativePath": "prefab/label.prefab"
  },
  "785a442c-3ceb-45be-a46e-7317f625f3b9": {
    "asset": 1520237598000,
    "meta": 1526550786000,
    "relativePath": "prefab/layout.prefab"
  },
  "ca8401fe-ad6e-41a8-bd46-8e3e4e9945be": {
    "asset": 1520237598000,
    "meta": 1526550786000,
    "relativePath": "prefab/pageview.prefab"
  },
  "cd33edea-55f5-46c2-958d-357a01384a36": {
    "asset": 1520237598000,
    "meta": 1526550786000,
    "relativePath": "prefab/particlesystem.prefab"
  },
  "5965ffac-69da-4b55-bcde-9225d0613c28": {
    "asset": 1520237598000,
    "meta": 1526550786000,
    "relativePath": "prefab/progressBar.prefab"
  },
  "4a37dd57-78cd-4cec-aad4-f11a73d12b63": {
    "asset": 1520237598000,
    "meta": 1526550786000,
    "relativePath": "prefab/richtext.prefab"
  },
  "32044bd2-481f-4cf1-a656-e2b2fb1594eb": {
    "asset": 1520237598000,
    "meta": 1526550786000,
    "relativePath": "prefab/scrollview.prefab"
  },
  "0004d1cf-a0ad-47d8-ab17-34d3db9d35a3": {
    "asset": 1520237598000,
    "meta": 1526550786000,
    "relativePath": "prefab/slider.prefab"
  },
  "1f55e3be-b89b-4b79-88de-47fd31018044": {
    "asset": 1520237598000,
    "meta": 1526550786000,
    "relativePath": "prefab/sprite_splash.prefab"
  },
  "96083d03-c332-4a3f-9386-d03e2d19e8ee": {
    "asset": 1520237598000,
    "meta": 1526550786000,
    "relativePath": "prefab/sprite.prefab"
  },
  "7de03a80-4457-438d-95a7-3e7cdffd6086": {
    "asset": 1520237598000,
    "meta": 1526550786000,
    "relativePath": "prefab/tiledmap.prefab"
  },
  "0d784963-d024-4ea6-a7db-03be0ad63010": {
    "asset": 1520237598000,
    "meta": 1526550786000,
    "relativePath": "prefab/toggle.prefab"
  },
  "bf0a434c-84dd-4a8e-a08a-7a36f180cc75": {
    "asset": 1520237598000,
    "meta": 1526550786000,
    "relativePath": "prefab/toggleContainer.prefab"
  },
  "d1b8be49-b0a0-435c-83b7-552bed4bbe35": {
    "asset": 1520237598000,
    "meta": 1526550786000,
    "relativePath": "prefab/toggleGroup.prefab"
  },
  "232d2782-c4bd-4bb4-9e01-909f03d6d3b9": {
    "asset": 1520237598000,
    "meta": 1526550786000,
    "relativePath": "prefab/videoplayer.prefab"
  },
  "8c5001fd-07ee-4a4b-a8a0-63e15195e94d": {
    "asset": 1520237598000,
    "meta": 1526550786000,
    "relativePath": "prefab/webview.prefab"
  },
  "c56d3114-2ed5-4702-a56a-eb159dd95bd0": {
    "asset": 1526615441000,
    "meta": 1526615443000,
    "relativePath": "Script/opratDoubleControl.js"
  },
  "32b681a6-04b6-4ceb-a328-c757dffddea3": {
    "asset": 1526621095000,
    "meta": 1526621108000,
    "relativePath": "Script/opratShowCardControl.js"
  },
  "f7e34808-122e-4638-be31-637ebe239112": {
    "asset": 1526624309000,
    "meta": 1526624311000,
    "relativePath": "Script/opratCallLordControl.js"
  },
  "a6a5c05e-e573-4d37-a1a6-868b98293ffa": {
    "asset": 1526881104000,
    "meta": 1526783439000,
    "relativePath": "Texture/img_hall"
  },
  "c7b1e2a7-46f3-4b39-9d32-cf51ec5d4d99": {
    "asset": 1526650372000,
    "meta": 1526783439000,
    "relativePath": "Texture/img_hall/hall_sample.jpg"
  },
  "fb2529d1-7f43-49d5-9763-12c971b6c309": {
    "asset": 1527076579000,
    "meta": 1527076579000,
    "relativePath": "Scene/HallScene.fire"
  },
  "ca1bfb0e-2554-487d-9f89-688d205a1f8d": {
    "asset": 1526798361000,
    "meta": 1526798591000,
    "relativePath": "Script/HallLayerControl.js"
  },
  "363d57ff-9ec6-4fd3-8f9c-379209e89871": {
    "asset": 1526881087000,
    "meta": 1526881104000,
    "relativePath": "Texture/img_hall/btn_email.png"
  },
  "47876c39-2eb6-4d96-ab4c-f54f6bee8bbd": {
    "asset": 1526881087000,
    "meta": 1526881104000,
    "relativePath": "Texture/img_hall/btn_bag.png"
  },
  "548c30e1-dcc1-4bd0-b6cf-e335d884105f": {
    "asset": 1526881087000,
    "meta": 1526881104000,
    "relativePath": "Texture/img_hall/btn_shop.png"
  },
  "afd24b72-9561-4e94-a6d1-80a25e655f7e": {
    "asset": 1526881087000,
    "meta": 1526881104000,
    "relativePath": "Texture/img_hall/btn_set.png"
  },
  "5682dea5-df9d-4e73-823d-77567d2411d9": {
    "asset": 1526881087000,
    "meta": 1526881104000,
    "relativePath": "Texture/img_hall/btn_task.png"
  },
  "6747f516-8a91-4c4c-a31d-6fc45e92e7cb": {
    "asset": 1526881087000,
    "meta": 1526881104000,
    "relativePath": "Texture/img_hall/p_head_1.png"
  },
  "3ac4fe60-08bf-4673-b1dd-d2cdfe725162": {
    "asset": 1526881087000,
    "meta": 1526881104000,
    "relativePath": "Texture/img_hall/p_head_2.png"
  },
  "409cbf3f-0b3e-4d53-b99d-092b99d491ce": {
    "asset": 1526881087000,
    "meta": 1526881104000,
    "relativePath": "Texture/img_hall/p_bg.png"
  },
  "886b4809-42c1-40f3-86cc-d0451ab192ae": {
    "asset": 1526881087000,
    "meta": 1526881104000,
    "relativePath": "Texture/img_hall/p_ledou.png"
  },
  "22003b6d-07f2-4bd9-8925-aba32b9f292f": {
    "asset": 1526881087000,
    "meta": 1526881104000,
    "relativePath": "Texture/img_hall/p_lequan.png"
  },
  "4e3df372-367b-420e-a230-949301212035": {
    "asset": 1526881087000,
    "meta": 1526881104000,
    "relativePath": "Texture/img_hall/p_line.png"
  },
  "b8704fc3-2801-4357-8688-28a43fda4671": {
    "asset": 1526881087000,
    "meta": 1526881104000,
    "relativePath": "Texture/img_hall/p_namebg.png"
  },
  "22ba1760-d591-4e42-abd5-b0fe9a0cdc4b": {
    "asset": 1526881087000,
    "meta": 1526881104000,
    "relativePath": "Texture/img_hall/p_numberbg.png"
  },
  "99043a87-0722-406e-8377-f856ff485c5e": {
    "asset": 1526881087000,
    "meta": 1526881104000,
    "relativePath": "Texture/img_hall/p_room_1.png"
  },
  "6773a4bb-7b6d-4194-b019-e8ce16b3bef4": {
    "asset": 1526881088000,
    "meta": 1526881104000,
    "relativePath": "Texture/img_hall/p_room_2.png"
  },
  "e2b562e3-88b5-4c85-b214-42e2ba5bce5e": {
    "asset": 1526881088000,
    "meta": 1526881104000,
    "relativePath": "Texture/img_hall/p_roomicon_1.png"
  },
  "339e6168-3a18-4bf7-b0c1-c2cf63a520b4": {
    "asset": 1526881089000,
    "meta": 1526881104000,
    "relativePath": "Texture/img_hall/p_roomname_1.png"
  },
  "aca364ee-2f87-4967-9ab7-63032eda221f": {
    "asset": 1526881089000,
    "meta": 1526881104000,
    "relativePath": "Texture/img_hall/p_roomname_2.png"
  },
  "75d6729b-58d7-492f-929d-6aa40e30ce5a": {
    "asset": 1526881089000,
    "meta": 1526881104000,
    "relativePath": "Texture/img_hall/p_share.png"
  },
  "865f7d86-df70-4a84-a3b5-194f107c941a": {
    "asset": 1526881089000,
    "meta": 1526881104000,
    "relativePath": "Texture/img_hall/p_roomicon_2.png"
  },
  "983fb878-76bf-4d40-a841-3fab7f541173": {
    "asset": 1526904097000,
    "meta": 1526904041000,
    "relativePath": "Texture/img_room"
  },
  "13e93e1c-6856-4275-8655-c3d94786bd3f": {
    "asset": 1526903943000,
    "meta": 1526904041000,
    "relativePath": "Texture/img_room/p_room_1.png"
  },
  "679a533c-3e6c-4e4a-a9fd-66fd1dfdc2db": {
    "asset": 1526903944000,
    "meta": 1526904041000,
    "relativePath": "Texture/img_room/p_room_2.png"
  },
  "8e1436a1-a4e7-4448-a795-0934f52d0042": {
    "asset": 1526903944000,
    "meta": 1526904042000,
    "relativePath": "Texture/img_room/p_room_3.png"
  },
  "fd88abd7-38d8-4dd8-a098-426bcab67338": {
    "asset": 1526903944000,
    "meta": 1526904042000,
    "relativePath": "Texture/img_room/p_room_4.png"
  },
  "9bf8c3c4-b9cc-49b0-962d-241cf1c49f65": {
    "asset": 1526903944000,
    "meta": 1526904042000,
    "relativePath": "Texture/img_room/p_room_back.png"
  },
  "bd84241b-178c-40dc-8127-36b380800b46": {
    "asset": 1526903944000,
    "meta": 1526904042000,
    "relativePath": "Texture/img_room/p_room_quickstar.png"
  },
  "d4d6dbfe-62f7-46ef-ad72-56c9a2ef54a9": {
    "asset": 1526903944000,
    "meta": 1526904042000,
    "relativePath": "Texture/img_room/p_roomA_num_1.png"
  },
  "af6a5de1-315f-4da4-98a2-8dad99a79845": {
    "asset": 1526903944000,
    "meta": 1526904042000,
    "relativePath": "Texture/img_room/p_roomA_num_2.png"
  },
  "47b8e599-0d7f-405e-aee4-60cfa8ec8552": {
    "asset": 1526903944000,
    "meta": 1526904042000,
    "relativePath": "Texture/img_room/p_roomA_num_3.png"
  },
  "68e59f08-8ebc-491d-88a0-6e51ef292ddb": {
    "asset": 1526903944000,
    "meta": 1526904042000,
    "relativePath": "Texture/img_room/p_roomA_num_4.png"
  },
  "6b8af693-8abf-4371-9689-5f18c94b5111": {
    "asset": 1526903944000,
    "meta": 1526904042000,
    "relativePath": "Texture/img_room/p_roomA.png"
  },
  "4a309571-e6aa-4e8e-b60c-28179acd3d87": {
    "asset": 1526903944000,
    "meta": 1526904042000,
    "relativePath": "Texture/img_room/p_roomB_num_1.png"
  },
  "2b17fa0f-d99f-404d-8317-7d2689ca0463": {
    "asset": 1526903944000,
    "meta": 1526904042000,
    "relativePath": "Texture/img_room/p_roomB_num_2.png"
  },
  "1ee7190f-82e4-4757-8537-88fdbf266ba5": {
    "asset": 1526903944000,
    "meta": 1526904042000,
    "relativePath": "Texture/img_room/p_roomB_num_3.png"
  },
  "d944f1a3-989f-4dc9-94bb-d3e98dfdefb3": {
    "asset": 1526903944000,
    "meta": 1526904042000,
    "relativePath": "Texture/img_room/p_roomB_num_4.png"
  },
  "09741cd9-d3b3-4b3b-bba0-6a25cd7bffe9": {
    "asset": 1526903945000,
    "meta": 1526904042000,
    "relativePath": "Texture/img_room/p_roomB.png"
  },
  "55fef2e6-a76f-416d-ba07-4e5013ef4fbf": {
    "asset": 1526901630000,
    "meta": 1526904097000,
    "relativePath": "Texture/img_room/p_sample.jpg"
  },
  "a85e4a22-6ce1-45f8-8a7e-6aa7306521d8": {
    "asset": 1526995431000,
    "meta": 1526995520000,
    "relativePath": "Script/PopCardUtil.js"
  },
  "a0d59a36-414a-4730-8c70-7602ebb60392": {
    "asset": 1527077389000,
    "meta": 1527075358000,
    "relativePath": "Texture/img_table"
  },
  "cffc39bc-2566-483d-8daa-181d21a7902f": {
    "asset": 1526988366000,
    "meta": 1527075359000,
    "relativePath": "Texture/img_table/btn_jpq.png"
  },
  "138ab255-9192-4bac-a8d3-c436a6ad0448": {
    "asset": 1526988422000,
    "meta": 1527075359000,
    "relativePath": "Texture/img_table/btn_chat.png"
  },
  "f64d988c-2dd5-4c42-b210-0b7466c231ec": {
    "asset": 1526988478000,
    "meta": 1527075359000,
    "relativePath": "Texture/img_table/btn_tuoguan.png"
  },
  "4b693886-edd9-45bf-821b-9d50be89e9ec": {
    "asset": 1526988460000,
    "meta": 1527075359000,
    "relativePath": "Texture/img_table/btn_set.png"
  },
  "86ad942b-6775-49e6-b081-3e035320c45a": {
    "asset": 1527074360000,
    "meta": 1527075359000,
    "relativePath": "Texture/img_table/p_bg1.png"
  },
  "28e21c52-95ce-4cc8-bf41-c98820d73963": {
    "asset": 1526988528000,
    "meta": 1527075359000,
    "relativePath": "Texture/img_table/p_card_1.png"
  },
  "33ef597c-af89-4a51-a207-b859fff60445": {
    "asset": 1527074369000,
    "meta": 1527075359000,
    "relativePath": "Texture/img_table/p_bg2.png"
  },
  "ca020d2c-90f0-42da-8343-fd8ad7152a45": {
    "asset": 1526988446000,
    "meta": 1527075359000,
    "relativePath": "Texture/img_table/p_dz_card.png"
  },
  "75e679ce-8baa-4df4-a6d2-8fdabacf180f": {
    "asset": 1526989238000,
    "meta": 1527080427000,
    "relativePath": "Texture/img_table/p_card_bg.png"
  },
  "c6b37c08-e2aa-4dca-84c9-8556f4fe0cc0": {
    "asset": 1526988434000,
    "meta": 1527075359000,
    "relativePath": "Texture/img_table/p_dz_icon.png"
  },
  "6074aade-d49c-444d-be77-524a473cbd2a": {
    "asset": 1526989250000,
    "meta": 1527075359000,
    "relativePath": "Texture/img_table/p_head_1.png"
  },
  "2245ca08-4d51-40c6-b621-bcef16297bf1": {
    "asset": 1526988352000,
    "meta": 1527075359000,
    "relativePath": "Texture/img_table/p_jpq_1.png"
  },
  "6a54f8ba-17ff-486d-99f2-1dca94fee24d": {
    "asset": 1526989170000,
    "meta": 1527075359000,
    "relativePath": "Texture/img_table/p_jpq_2.png"
  },
  "7858b03b-4a32-4b57-9f8f-113d65e5f371": {
    "asset": 1526988942000,
    "meta": 1527075359000,
    "relativePath": "Texture/img_table/p_labnum.png"
  },
  "ffff6104-3bc0-484b-a0f8-f45636a79496": {
    "asset": 1526989046000,
    "meta": 1527075359000,
    "relativePath": "Texture/img_table/p_table_double.png"
  },
  "3c263b1c-8b64-4513-a5a5-c341e3764f90": {
    "asset": 1526987978000,
    "meta": 1527075359000,
    "relativePath": "Texture/img_table/p_table_icon.png"
  },
  "28aac8bb-1b13-483b-bea4-c6e34868db0a": {
    "asset": 1526989154000,
    "meta": 1527075359000,
    "relativePath": "Texture/img_table/p_task_1.png"
  },
  "15731195-c8e7-4959-9c95-22d75df33fe3": {
    "asset": 1526988326000,
    "meta": 1527075359000,
    "relativePath": "Texture/img_table/p_samp_1.jpg"
  },
  "6dc054a0-5516-4db0-8042-1c96369e1047": {
    "asset": 1527077360000,
    "meta": 1527077394000,
    "relativePath": "Texture/img_table/p_head_2.png"
  },
  "48b8e33e-6889-4ece-af11-f285426a4d52": {
    "asset": 1527080718000,
    "meta": 1527080718000,
    "relativePath": "Texture/head.prefab"
  },
  "adbae702-eb6b-45a5-9a84-05bbec794c3f": {
    "asset": 1527080831000,
    "meta": 1527080831000,
    "relativePath": "Texture/ledou.prefab"
  },
  "c3f5550a-d7b6-4789-99f4-c1968589368a": {
    "asset": 1526991978000,
    "meta": 1527129372000,
    "relativePath": "Texture/samp_11.png"
  },
  "c53cda55-3a3c-4b11-984c-a59e03898fcf": {
    "asset": 1527138947000,
    "meta": 1527138947000,
    "relativePath": "Texture/poker.prefab"
  },
  "5123232e-460d-44b6-887a-78ca0e60f209": {
    "asset": 1527131409000,
    "meta": 1527131412000,
    "relativePath": "Script/config.js"
  },
  "00f79829-1ecf-4977-b041-07976b7dbb77": {
    "asset": 1527139050000,
    "meta": 1527139052000,
    "relativePath": "Script/PokerControl.js"
  },
  "bcf074c0-7ee5-458c-9c39-42a12d5f5c9c": {
    "asset": 1527141942000,
    "meta": 1527142147000,
    "relativePath": "Script/CardUtil.js"
  },
  "1393c8a9-79e3-4565-ba57-f5a2716294c6": {
    "asset": 1527142143000,
    "meta": 1527142147000,
    "relativePath": "Script/GameTable.js"
  },
  "4faf659b-85eb-4f45-8ea2-2b7ad61d4e99": {
    "asset": 1527138885000,
    "meta": 1527143135000,
    "relativePath": "resources/cards"
  },
  "5c7caf5b-44ec-4940-ab90-a44c63120bef": {
    "asset": 1527072818000,
    "meta": 1527143135000,
    "relativePath": "resources/cards/heimei_1.png"
  },
  "e73104d6-fa45-40f6-affe-e5d01ac373db": {
    "asset": 1527072818000,
    "meta": 1527143135000,
    "relativePath": "resources/cards/blank_card.png"
  },
  "ec43c88c-42fa-4362-b97e-715d3f51aef5": {
    "asset": 1527072817000,
    "meta": 1527143135000,
    "relativePath": "resources/cards/heimei.png"
  },
  "42ef9db2-8ffd-467e-bbcd-e5318f1786c3": {
    "asset": 1527072818000,
    "meta": 1527143135000,
    "relativePath": "resources/cards/heitao_1.png"
  },
  "c97e2005-c73c-4429-97dd-386855f2fbe9": {
    "asset": 1527072817000,
    "meta": 1527143135000,
    "relativePath": "resources/cards/heitao.png"
  },
  "532387e1-ea03-4b28-879b-c9a68ab9e77c": {
    "asset": 1527072817000,
    "meta": 1527143135000,
    "relativePath": "resources/cards/hongfang_1.png"
  },
  "93078394-9224-47d5-899b-00bcd0d0f286": {
    "asset": 1527072817000,
    "meta": 1527143135000,
    "relativePath": "resources/cards/hongfang.png"
  },
  "a252878d-f8f9-4934-a4a8-3c7434875a99": {
    "asset": 1527072817000,
    "meta": 1527143135000,
    "relativePath": "resources/cards/hongxin_1.png"
  },
  "f878cef3-e37a-4358-bebb-37778013bce8": {
    "asset": 1527072817000,
    "meta": 1527143135000,
    "relativePath": "resources/cards/hongxin.png"
  },
  "b7c64f2e-0872-41da-976c-07810e8e7ed4": {
    "asset": 1527072818000,
    "meta": 1527143135000,
    "relativePath": "resources/cards/joker_black.png"
  },
  "32f4131c-f13c-4459-8032-a463778d25f5": {
    "asset": 1527072817000,
    "meta": 1527143135000,
    "relativePath": "resources/cards/laizi_1.png"
  },
  "516f1f27-04bb-45b3-be7b-2467f619e097": {
    "asset": 1527072816000,
    "meta": 1527143135000,
    "relativePath": "resources/cards/joker_red.png"
  },
  "b2dad411-24e4-42f0-98b5-a0565e98f85e": {
    "asset": 1527127998000,
    "meta": 1527143135000,
    "relativePath": "resources/cards/poke_10.png"
  },
  "88cb9cf1-0989-4aed-ab9d-3c576c5a1f34": {
    "asset": 1527072817000,
    "meta": 1527143135000,
    "relativePath": "resources/cards/laizi.png"
  },
  "6d4d6e4a-6ccd-4f73-bd53-fad4cafeb3e0": {
    "asset": 1527127990000,
    "meta": 1527143135000,
    "relativePath": "resources/cards/poke_11.png"
  },
  "13665e39-69cf-48ab-afc2-7a72015687e9": {
    "asset": 1527127992000,
    "meta": 1527143135000,
    "relativePath": "resources/cards/poke_12.png"
  },
  "c1db9774-1cf6-46f1-bb81-b4ea9ca87df4": {
    "asset": 1527127990000,
    "meta": 1527143135000,
    "relativePath": "resources/cards/poke_14.png"
  },
  "85b8b59a-305c-4dee-b508-b2301dfcd4c4": {
    "asset": 1527127996000,
    "meta": 1527143135000,
    "relativePath": "resources/cards/poke_13.png"
  },
  "e76f44c2-cf15-4c48-9f56-7b108696a66a": {
    "asset": 1527127994000,
    "meta": 1527143136000,
    "relativePath": "resources/cards/poke_3.png"
  },
  "04060116-e761-4794-b767-b9c1743d62c1": {
    "asset": 1527127992000,
    "meta": 1527143136000,
    "relativePath": "resources/cards/poke_15.png"
  },
  "684f7e6d-0575-4769-b745-9b465769ca0b": {
    "asset": 1527127996000,
    "meta": 1527143136000,
    "relativePath": "resources/cards/poke_4.png"
  },
  "83c5c117-126d-4abe-8d3d-47d72c43424b": {
    "asset": 1527127998000,
    "meta": 1527143136000,
    "relativePath": "resources/cards/poke_5.png"
  },
  "0c0e81d0-8809-41c7-b6a0-8cbca857472b": {
    "asset": 1527127990000,
    "meta": 1527143136000,
    "relativePath": "resources/cards/poke_6.png"
  },
  "677519dd-ce0c-4d00-99db-11e652f6d15a": {
    "asset": 1527127994000,
    "meta": 1527143136000,
    "relativePath": "resources/cards/poke_7.png"
  },
  "615177e8-0822-44da-aca6-5db7e5003fa5": {
    "asset": 1527127994000,
    "meta": 1527143136000,
    "relativePath": "resources/cards/poke_8.png"
  },
  "a796bdd2-2247-4dbf-be2d-c335165a5418": {
    "asset": 1527127996000,
    "meta": 1527143136000,
    "relativePath": "resources/cards/poke_9.png"
  },
  "88696005-837c-45b0-9225-2266e2731482": {
    "asset": 1527128482000,
    "meta": 1527143136000,
    "relativePath": "resources/cards/poker_selected.png"
  },
  "3d074b3c-caf2-4c2c-aa45-25c9654fb0aa": {
    "asset": 1527143373000,
    "meta": 1527143373000,
    "relativePath": "resources/operation_btn"
  },
  "9aab390e-1653-4649-a3c6-847bf9d3e54e": {
    "asset": 1526873258000,
    "meta": 1527143373000,
    "relativePath": "resources/operation_btn/btn_1.png"
  },
  "a97c40fc-426a-4d8c-8656-0d078198c7e4": {
    "asset": 1526873260000,
    "meta": 1527143373000,
    "relativePath": "resources/operation_btn/btn_2.png"
  },
  "d3c1c56c-2c15-4456-aa02-2dce2f93ffa0": {
    "asset": 1526873260000,
    "meta": 1527143373000,
    "relativePath": "resources/operation_btn/btn_chupai_2.png"
  },
  "16f164fc-e5f1-42a5-9606-65b87d73d309": {
    "asset": 1526873260000,
    "meta": 1527143373000,
    "relativePath": "resources/operation_btn/btn_star.png"
  },
  "73d6866c-aa96-4f3b-acff-7f237f86bec0": {
    "asset": 1526873250000,
    "meta": 1527143373000,
    "relativePath": "resources/operation_btn/p_add2.png"
  },
  "c23ed663-951d-424d-8467-0d460c21abf7": {
    "asset": 1526873260000,
    "meta": 1527143373000,
    "relativePath": "resources/operation_btn/btn_tuoguanno.png"
  },
  "996394e1-1e82-4b80-9530-e34192dc6508": {
    "asset": 1526873250000,
    "meta": 1527143373000,
    "relativePath": "resources/operation_btn/p_add3.png"
  },
  "3ff78e31-2c66-49c5-a150-cbc7740cad91": {
    "asset": 1526873252000,
    "meta": 1527143373000,
    "relativePath": "resources/operation_btn/p_add4.png"
  },
  "7d5d462d-c49d-41db-b33a-87f9c7388b62": {
    "asset": 1526873252000,
    "meta": 1527143373000,
    "relativePath": "resources/operation_btn/p_add5.png"
  },
  "0aba3321-d9c1-487e-ba47-f9e414b2ccea": {
    "asset": 1526873254000,
    "meta": 1527143373000,
    "relativePath": "resources/operation_btn/p_addno.png"
  },
  "810202c7-ac11-416d-8288-c11245ea8818": {
    "asset": 1526873254000,
    "meta": 1527143373000,
    "relativePath": "resources/operation_btn/p_addx.png"
  },
  "63e0469d-2e28-4f64-b23a-ad4d1539b6c2": {
    "asset": 1526873256000,
    "meta": 1527143373000,
    "relativePath": "resources/operation_btn/p_addyes.png"
  },
  "187b1cd1-4667-4054-bd73-b15ce9267a18": {
    "asset": 1526873254000,
    "meta": 1527143373000,
    "relativePath": "resources/operation_btn/p_cancel.png"
  },
  "c41a00f3-94a8-4241-b3ec-c5a428bc7d42": {
    "asset": 1526873252000,
    "meta": 1527143373000,
    "relativePath": "resources/operation_btn/p_cardno.png"
  },
  "7e2402d6-be32-46af-8bfe-5ef2426c3822": {
    "asset": 1526873256000,
    "meta": 1527143373000,
    "relativePath": "resources/operation_btn/p_cardout.png"
  },
  "67ff8d71-07f3-4406-9e7a-2af7a19b31c7": {
    "asset": 1526873258000,
    "meta": 1527143373000,
    "relativePath": "resources/operation_btn/p_clock.png"
  },
  "1843af89-1617-4e04-a508-b2739f34cd3b": {
    "asset": 1526873254000,
    "meta": 1527143373000,
    "relativePath": "resources/operation_btn/p_jiaono.png"
  },
  "0b0519d9-e936-4337-9f2e-e07712530339": {
    "asset": 1526991784000,
    "meta": 1527143373000,
    "relativePath": "resources/operation_btn/p_clock_num.png"
  },
  "56f62e11-e316-449f-b776-1058857187af": {
    "asset": 1526873258000,
    "meta": 1527143373000,
    "relativePath": "resources/operation_btn/p_jiaoyes.png"
  },
  "072c9494-5853-4757-8568-cc3c0e7f6618": {
    "asset": 1526873256000,
    "meta": 1527143373000,
    "relativePath": "resources/operation_btn/p_qiangno.png"
  },
  "f7316fe1-d28f-4d15-96ca-bcf3b30a56b9": {
    "asset": 1526873252000,
    "meta": 1527143373000,
    "relativePath": "resources/operation_btn/p_qiangyes.png"
  },
  "d23400ed-5861-424e-a25a-68384a2b3efb": {
    "asset": 1526873254000,
    "meta": 1527143373000,
    "relativePath": "resources/operation_btn/p_showX.png"
  },
  "10cb5cb5-a99f-43d6-84e5-d68efea76d50": {
    "asset": 1526873256000,
    "meta": 1527143373000,
    "relativePath": "resources/operation_btn/p_tishi.png"
  },
  "047f98ed-9d49-4852-b725-69625f5669a8": {
    "asset": 1526873256000,
    "meta": 1527143373000,
    "relativePath": "resources/operation_btn/p_yaobuqi.png"
  },
  "53809729-4034-4f5b-9c18-94c50262c118": {
    "asset": 1526991978000,
    "meta": 1527143373000,
    "relativePath": "resources/operation_btn/p_sample.png"
  },
  "734315fd-9cc3-4997-ad71-9581bf6787f7": {
    "asset": 1527144013000,
    "meta": 1527144013000,
    "relativePath": "Texture/clock.prefab"
  },
  "1198194a-566e-4f09-8155-dd4f18902727": {
    "asset": 1527155761000,
    "meta": 1527155765000,
    "relativePath": "Script/opratOutCardControl.js"
  }
}