{"frameRate":30,"isGlobal":0,"armature":[{"aabb":{"width":312.52776969404243,"y":-179.51376322840935,"height":498.75376322840935,"x":260.02000000000004},"defaultActions":[{"gotoAndPlay":"animation2"}],"type":"Armature","name":"armatureName","slot":[{"name":"feiji","parent":"bone2","color":{}},{"z":1,"name":"feijiyinying","parent":"feijiyinying","color":{}}],"animation":[{"frame":[],"bone":[{"frame":[{"duration":10,"curve":[0,0,0.1961975609756098,0.3365912280701755,0.4410995609756099,0.5814932280701756,0.6959975609756099,0.8363912280701755,1,1],"transform":{"y":-335.04}},{"tweenEasing":0,"duration":25,"transform":{"y":-67.8074,"scX":1.0656,"scY":1.0656,"x":-138.7162}},{"duration":0,"transform":{"y":319.96,"scX":3,"scY":3,"x":-340}}],"name":"bone2"},{"frame":[{"tweenEasing":0,"duration":35,"transform":{"x":1157.96}},{"duration":0,"transform":{"x":-2160.16}}],"name":"bone"},{"frame":[{"tweenEasing":0,"duration":10,"transform":{"y":-288.48}},{"tweenEasing":0,"duration":10,"transform":{"y":-288.48,"scX":1.3,"scY":1.3}},{"tweenEasing":0,"duration":10,"transform":{"y":71.07,"scX":2.869,"scY":2.06}},{"duration":5,"transform":{"y":255.04,"scX":2.869,"scY":2.06}}],"name":"feijiyinying"},{"frame":[{"duration":35,"transform":{}}],"name":"root"}],"ik":[],"ffd":[],"duration":35,"name":"animation2","slot":[{"frame":[{"tweenEasing":null,"duration":35,"color":{"aM":31}}],"name":"feijiyinying"}]}],"skin":[{"name":"","slot":[{"display":[{"path":"feijiyinying","type":"image","name":"feijiyinying","transform":{"y":-20.06,"scX":2,"scY":2,"x":5.73}}],"name":"feijiyinying"},{"display":[{"path":"feiji","type":"image","name":"feiji","transform":{"skX":10.5406,"y":-21.7458,"skY":10.5406,"scX":1.5,"scY":1.5,"x":217.0176}}],"name":"feiji"}]}],"ik":[],"frameRate":30,"bone":[{"name":"root","transform":{}},{"transform":{"y":44.59,"x":386.37},"name":"bone","parent":"root"},{"length":391,"transform":{"skX":-11.56,"y":-74.31,"skY":-11.56,"x":-170.58},"parent":"bone","name":"bone2"},{"transform":{"y":237.21,"x":-25.58},"name":"feijiyinying","parent":"bone"}]}],"name":"feiji","version":"4.5"}