{"frameRate":30,"isGlobal":0,"armature":[{"aabb":{"width":827.9588728736248,"y":-298.72,"height":414.1222877356279,"x":-482.07887287362485},"defaultActions":[{"gotoAndPlay":"animation"}],"type":"Armature","name":"armatureName","slot":[{"name":"1","parent":"root","color":{"aM":23}},{"displayIndex":-1,"z":1,"name":"ef_doudizhu_spring_glow","parent":"ef_doudizhu_spring_glow","color":{}},{"z":2,"name":"ef_doudizhu_spring_leaf","parent":"bone2","color":{}},{"z":3,"name":"ef_doudizhu_spring_floower_10","parent":"ef_doudizhu_spring_floower_10","color":{}},{"z":4,"name":"ef_doudizhu_spring_floower_01","parent":"ef_doudizhu_spring_floower_01","color":{}},{"z":5,"name":"ef_doudizhu_spring_floower_04","parent":"ef_doudizhu_spring_floower_04","color":{}},{"z":6,"name":"ef_doudizhu_spring_floower_03","parent":"ef_doudizhu_spring_floower_03","color":{}},{"z":7,"name":"ef_doudizhu_spring_floower_05","parent":"ef_doudizhu_spring_floower_05","color":{}},{"z":8,"name":"ef_doudizhu_spring_floower_07","parent":"ef_doudizhu_spring_floower_07","color":{}},{"z":9,"name":"ef_doudizhu_spring_floower_08","parent":"ef_doudizhu_spring_floower_08","color":{}},{"z":10,"name":"ef_doudizhu_spring_floower_11","parent":"ef_doudizhu_spring_floower_11","color":{}},{"z":11,"name":"ef_doudizhu_spring_floower_06","parent":"ef_doudizhu_spring_floower_06","color":{}},{"z":12,"name":"ef_doudizhu_spring_floower_13","parent":"ef_doudizhu_spring_floower_13","color":{}},{"z":13,"name":"ef_doudizhu_spring_wor","parent":"ef_doudizhu_spring_wor","color":{}},{"z":14,"name":"ef_doudizhu_spring_floower_02","parent":"ef_doudizhu_spring_floower_02","color":{}},{"z":15,"name":"ef_doudizhu_spring_floower_12","parent":"ef_doudizhu_spring_floower_12","color":{}},{"z":16,"name":"ef_doudizhu_spring_floower_09","parent":"ef_doudizhu_spring_floower_09","color":{}},{"z":17,"name":"ef_doudizhu_spring_floower_00","parent":"ef_doudizhu_spring_floower_00","color":{}},{"z":18,"name":"ef_doudizhu_spring_fly_02","parent":"ef_doudizhu_spring_fly_02","color":{}}],"animation":[{"frame":[],"bone":[{"frame":[{"duration":5,"curve":[0.25,0,0.75,1],"transform":{"scX":0,"scY":0}},{"duration":2,"curve":[0.319,0,0.653,0.34],"transform":{"scX":1.05,"scY":1.05}},{"duration":43,"transform":{}},{"duration":0,"transform":{}}],"name":"bone"},{"frame":[{"duration":15,"transform":{"scX":0,"scY":0}},{"tweenEasing":0,"duration":4,"transform":{"scX":0,"scY":0}},{"tweenEasing":0,"duration":3,"transform":{"scX":1.05,"scY":1.05}},{"tweenEasing":0,"duration":3,"transform":{"scX":0.9,"scY":0.9}},{"duration":25,"transform":{}}],"name":"ef_doudizhu_spring_floower_08"},{"frame":[{"tweenEasing":0,"duration":5,"transform":{}},{"tweenEasing":0,"duration":4,"transform":{"y":0.44,"scX":0.047,"scY":0.047,"x":-0.44}},{"tweenEasing":0,"duration":3,"transform":{"y":0.44,"scX":1.05,"scY":1.05,"x":-0.44}},{"tweenEasing":0,"duration":3,"transform":{"y":0.44,"scX":0.9,"scY":0.9,"x":-0.44}},{"duration":35,"transform":{"y":0.44,"x":-0.44}}],"name":"bone2"},{"frame":[{"duration":10,"transform":{"scX":0,"scY":0}},{"tweenEasing":0,"duration":4,"transform":{"scX":0,"scY":0}},{"tweenEasing":0,"duration":3,"transform":{"scX":1.05,"scY":1.05}},{"tweenEasing":0,"duration":3,"transform":{"scX":0.9,"scY":0.9}},{"duration":30,"transform":{}}],"name":"ef_doudizhu_spring_floower_03"},{"frame":[{"duration":10,"transform":{"scX":0,"scY":0}},{"tweenEasing":0,"duration":4,"transform":{"scX":0,"scY":0}},{"tweenEasing":0,"duration":3,"transform":{"scX":1.05,"scY":1.05}},{"tweenEasing":0,"duration":3,"transform":{"scX":0.9,"scY":0.9}},{"duration":30,"transform":{}}],"name":"ef_doudizhu_spring_floower_01"},{"frame":[{"duration":10,"transform":{"scX":0,"scY":0}},{"tweenEasing":0,"duration":4,"transform":{"scX":0,"scY":0}},{"tweenEasing":0,"duration":3,"transform":{"scX":1.05,"scY":1.05}},{"tweenEasing":0,"duration":3,"transform":{"scX":0.9,"scY":0.9}},{"duration":30,"transform":{}}],"name":"ef_doudizhu_spring_floower_02"},{"frame":[{"duration":5,"transform":{"scX":0,"scY":0}},{"tweenEasing":0,"duration":4,"transform":{"scX":0,"scY":0}},{"tweenEasing":0,"duration":3,"transform":{"scX":1.05,"scY":1.05}},{"tweenEasing":0,"duration":3,"transform":{"scX":0.9,"scY":0.9}},{"duration":35,"transform":{}}],"name":"ef_doudizhu_spring_floower_00"},{"frame":[{"duration":10,"transform":{"scX":0,"scY":0}},{"tweenEasing":0,"duration":4,"transform":{"scX":0,"scY":0}},{"tweenEasing":0,"duration":3,"transform":{"scX":1.05,"scY":1.05}},{"tweenEasing":0,"duration":3,"transform":{"scX":0.9,"scY":0.9}},{"duration":30,"transform":{}}],"name":"ef_doudizhu_spring_floower_04"},{"frame":[{"duration":15,"transform":{"scX":0,"scY":0}},{"tweenEasing":0,"duration":4,"transform":{"scX":0,"scY":0}},{"tweenEasing":0,"duration":3,"transform":{"scX":1.05,"scY":1.05}},{"tweenEasing":0,"duration":3,"transform":{"scX":0.9,"scY":0.9}},{"duration":25,"transform":{}}],"name":"ef_doudizhu_spring_floower_05"},{"frame":[{"duration":15,"transform":{"scX":0,"scY":0}},{"tweenEasing":0,"duration":4,"transform":{"scX":0,"scY":0}},{"tweenEasing":0,"duration":3,"transform":{"scX":1.05,"scY":1.05}},{"tweenEasing":0,"duration":3,"transform":{"scX":0.9,"scY":0.9}},{"duration":25,"transform":{}}],"name":"ef_doudizhu_spring_floower_06"},{"frame":[{"duration":15,"transform":{"scX":0,"scY":0}},{"tweenEasing":0,"duration":4,"transform":{"scX":0,"scY":0}},{"tweenEasing":0,"duration":3,"transform":{"scX":1.05,"scY":1.05}},{"tweenEasing":0,"duration":3,"transform":{"scX":0.9,"scY":0.9}},{"duration":25,"transform":{}}],"name":"ef_doudizhu_spring_floower_07"},{"frame":[{"duration":20,"transform":{"scX":0,"scY":0}},{"tweenEasing":0,"duration":4,"transform":{"scX":0,"scY":0}},{"tweenEasing":0,"duration":3,"transform":{"scX":1.05,"scY":1.05}},{"tweenEasing":0,"duration":3,"transform":{"scX":0.9,"scY":0.9}},{"duration":20,"transform":{"scY":0.9}}],"name":"ef_doudizhu_spring_floower_09"},{"frame":[{"duration":20,"transform":{"scX":0,"scY":0}},{"tweenEasing":0,"duration":4,"transform":{"scX":0,"scY":0}},{"tweenEasing":0,"duration":3,"transform":{"scX":1.05,"scY":1.05}},{"tweenEasing":0,"duration":3,"transform":{"scX":0.9,"scY":0.9}},{"duration":20,"transform":{"scX":0.9}}],"name":"ef_doudizhu_spring_floower_10"},{"frame":[{"duration":20,"transform":{"scX":0,"scY":0}},{"tweenEasing":0,"duration":4,"transform":{"scX":0,"scY":0}},{"tweenEasing":0,"duration":3,"transform":{"scX":1.05,"scY":1.05}},{"tweenEasing":0,"duration":3,"transform":{"scX":0.9,"scY":0.9}},{"duration":20,"transform":{}}],"name":"ef_doudizhu_spring_floower_11"},{"frame":[{"duration":25,"transform":{"scX":0,"scY":0}},{"tweenEasing":0,"duration":4,"transform":{"scX":0,"scY":0}},{"tweenEasing":0,"duration":3,"transform":{"scX":1.05,"scY":1.05}},{"tweenEasing":0,"duration":3,"transform":{"scX":0.9,"scY":0.9}},{"duration":15,"transform":{"scX":0.9}}],"name":"ef_doudizhu_spring_floower_13"},{"frame":[{"duration":25,"transform":{"scX":0,"scY":0}},{"tweenEasing":0,"duration":4,"transform":{"scX":0,"scY":0}},{"tweenEasing":0,"duration":3,"transform":{"scX":1.05,"scY":1.05}},{"tweenEasing":0,"duration":3,"transform":{"scX":0.9,"scY":0.9}},{"duration":15,"transform":{}}],"name":"ef_doudizhu_spring_floower_12"},{"frame":[{"tweenEasing":0,"duration":14,"transform":{"y":81.36,"x":-307.66}},{"tweenEasing":0,"duration":21,"transform":{"y":71.19,"x":-179.25}},{"tweenEasing":0,"duration":5,"transform":{"y":-5.92,"x":-39.02}},{"tweenEasing":0,"duration":3,"transform":{"y":-4.51,"x":-26.09}},{"tweenEasing":0,"duration":4,"transform":{"y":-8.7,"x":-15.45}},{"duration":3,"transform":{"y":-2.54,"x":-1.27}}],"name":"ef_doudizhu_spring_fly_02"},{"frame":[{"tweenEasing":0,"duration":5,"transform":{}},{"duration":4,"transform":{"y":13.35}},{"duration":41,"transform":{"y":13.35}}],"name":"ef_doudizhu_spring_glow"},{"frame":[{"duration":50,"transform":{}}],"name":"root"},{"frame":[{"duration":50,"transform":{}}],"name":"ef_doudizhu_spring_wor"}],"ik":[],"ffd":[],"duration":50,"name":"animation","slot":[{"frame":[{"duration":5,"curve":[0.25,0,0.75,1],"color":{"aM":0}},{"tweenEasing":null,"duration":45,"color":{"aM":45}}],"name":"1"},{"frame":[{"tweenEasing":0,"duration":6},{"tweenEasing":0,"duration":1,"color":{"aM":0}},{"tweenEasing":null,"duration":43}],"name":"ef_doudizhu_spring_floower_08"},{"frame":[{"tweenEasing":0,"duration":12,"color":{"aM":0}},{"tweenEasing":0,"duration":2,"color":{"aM":0}},{"tweenEasing":0,"duration":3},{"tweenEasing":0,"displayIndex":1,"duration":3},{"tweenEasing":0,"duration":3},{"tweenEasing":0,"displayIndex":1,"duration":3},{"tweenEasing":0,"duration":3},{"tweenEasing":0,"displayIndex":1,"duration":3},{"tweenEasing":0,"duration":3},{"tweenEasing":0,"displayIndex":1,"duration":3},{"tweenEasing":0,"duration":3},{"tweenEasing":0,"displayIndex":1,"duration":3},{"tweenEasing":0,"duration":3},{"tweenEasing":0,"displayIndex":1,"duration":3},{"tweenEasing":null,"duration":0}],"name":"ef_doudizhu_spring_fly_02"},{"frame":[{"tweenEasing":0,"duration":5,"color":{"aM":0}},{"tweenEasing":0,"duration":4,"color":{"aM":0}},{"tweenEasing":null,"duration":41}],"name":"ef_doudizhu_spring_glow"},{"frame":[{"tweenEasing":null,"duration":5,"color":{"aM":0}},{"duration":4,"curve":[0.25,0,0.75,1],"color":{"aM":0}},{"tweenEasing":null,"duration":41}],"name":"ef_doudizhu_spring_leaf"}]}],"skin":[{"name":"","slot":[{"display":[{"path":"ef_doudizhu_spring_floower_13","type":"image","name":"ef_doudizhu_spring_floower_13","transform":{"y":-0.71,"x":-25.44}}],"name":"ef_doudizhu_spring_floower_13"},{"display":[{"path":"ef_doudizhu_spring_floower_01","type":"image","name":"ef_doudizhu_spring_floower_01","transform":{"y":-60.94,"x":-6.01}}],"name":"ef_doudizhu_spring_floower_01"},{"display":[{"path":"ef_doudizhu_spring_floower_10","type":"image","name":"ef_doudizhu_spring_floower_10","transform":{"y":-0.02,"x":3.95}}],"name":"ef_doudizhu_spring_floower_10"},{"display":[{"path":"ef_doudizhu_spring_floower_11","type":"image","name":"ef_doudizhu_spring_floower_11","transform":{"y":-48.63,"x":-39.91}}],"name":"ef_doudizhu_spring_floower_11"},{"display":[{"path":"ef_doudizhu_spring_floower_02","type":"image","name":"ef_doudizhu_spring_floower_02","transform":{"y":-12.95,"x":4.54}}],"name":"ef_doudizhu_spring_floower_02"},{"display":[{"path":"ef_doudizhu_spring_wor","type":"image","name":"ef_doudizhu_spring_wor","transform":{"y":36.84,"x":80.59}}],"name":"ef_doudizhu_spring_wor"},{"display":[{"path":"ef_doudizhu_spring_floower_07","type":"image","name":"ef_doudizhu_spring_floower_07","transform":{"y":-28.46,"x":-16.15}}],"name":"ef_doudizhu_spring_floower_07"},{"display":[{"path":"ef_doudizhu_spring_floower_06","type":"image","name":"ef_doudizhu_spring_floower_06","transform":{"y":-39.54,"x":11.02}}],"name":"ef_doudizhu_spring_floower_06"},{"display":[{"path":"ef_doudizhu_spring_floower_03","type":"image","name":"ef_doudizhu_spring_floower_03","transform":{"y":-0.92,"x":-8.98}}],"name":"ef_doudizhu_spring_floower_03"},{"display":[{"path":"ef_doudizhu_spring_floower_00","type":"image","name":"ef_doudizhu_spring_floower_00","transform":{"y":-9.9,"x":9.59}}],"name":"ef_doudizhu_spring_floower_00"},{"display":[{"path":"ef_doudizhu_spring_floower_09","type":"image","name":"ef_doudizhu_spring_floower_09","transform":{"y":-3.39,"x":3.83}}],"name":"ef_doudizhu_spring_floower_09"},{"display":[{"path":"ef_doudizhu_spring_floower_12","type":"image","name":"ef_doudizhu_spring_floower_12","transform":{"y":-19.36,"x":20.87}}],"name":"ef_doudizhu_spring_floower_12"},{"display":[{"path":"ef_doudizhu_spring_fly_01","type":"image","name":"ef_doudizhu_spring_fly_01","transform":{"skX":29.2,"y":-2.35,"skY":29.2,"x":6.24}},{"path":"ef_doudizhu_spring_fly_02","type":"image","name":"ef_doudizhu_spring_fly_02","transform":{"skX":29.2,"y":0.41,"skY":29.2,"x":4.69}}],"name":"ef_doudizhu_spring_fly_02"},{"display":[{"path":"ef_doudizhu_spring_floower_08","type":"image","name":"ef_doudizhu_spring_floower_08","transform":{"y":-38.59,"x":9.66}}],"name":"ef_doudizhu_spring_floower_08"},{"display":[{"path":"ef_doudizhu_spring_glow","type":"image","name":"ef_doudizhu_spring_glow","transform":{"y":-0.58,"x":5.76}}],"name":"ef_doudizhu_spring_glow"},{"display":[{"path":"1","type":"image","name":"1","transform":{"y":-0.89,"scX":164.024,"scY":78.99,"x":4.83}}],"name":"1"},{"display":[{"path":"ef_doudizhu_spring_floower_05","type":"image","name":"ef_doudizhu_spring_floower_05","transform":{"y":1.04,"x":3.7}}],"name":"ef_doudizhu_spring_floower_05"},{"display":[{"path":"ef_doudizhu_spring_leaf","type":"image","name":"ef_doudizhu_spring_leaf","transform":{"skX":-0.45,"y":-7.05,"skY":-0.45,"x":20.49}}],"name":"ef_doudizhu_spring_leaf"},{"display":[{"path":"ef_doudizhu_spring_floower_04","type":"image","name":"ef_doudizhu_spring_floower_04","transform":{"y":-37.44,"x":-53.97}}],"name":"ef_doudizhu_spring_floower_04"}]}],"ik":[],"frameRate":30,"bone":[{"name":"root","transform":{}},{"transform":{"y":-41.46,"scX":2,"scY":2,"x":-3.18},"name":"bone","parent":"root"},{"length":43,"transform":{"skX":0.45,"y":28.57,"skY":0.45,"x":-14.75},"parent":"bone","name":"bone2"},{"transform":{"y":57.51,"x":-86.8},"name":"ef_doudizhu_spring_floower_00","parent":"bone"},{"transform":{"y":40.55,"x":-140.69},"name":"ef_doudizhu_spring_floower_01","parent":"bone"},{"transform":{"y":36.06,"x":141.24},"name":"ef_doudizhu_spring_floower_02","parent":"bone"},{"transform":{"y":51.53,"x":-127.21},"name":"ef_doudizhu_spring_floower_03","parent":"bone"},{"transform":{"y":38.05,"x":-118.23},"name":"ef_doudizhu_spring_floower_04","parent":"bone"},{"transform":{"y":35.06,"x":-29.91},"name":"ef_doudizhu_spring_floower_05","parent":"bone"},{"transform":{"y":-10.84,"x":130.26},"name":"ef_doudizhu_spring_floower_06","parent":"bone"},{"transform":{"y":29.57,"x":36.95},"name":"ef_doudizhu_spring_floower_07","parent":"bone"},{"transform":{"y":-37.78,"x":-49.37},"name":"ef_doudizhu_spring_floower_08","parent":"bone"},{"transform":{"y":63,"x":33.45},"name":"ef_doudizhu_spring_floower_09","parent":"bone"},{"transform":{"y":-2.85,"x":-154.66},"name":"ef_doudizhu_spring_floower_10","parent":"bone"},{"transform":{"y":-53.75,"x":157.21},"name":"ef_doudizhu_spring_floower_11","parent":"bone"},{"transform":{"y":79.47,"x":53.91},"name":"ef_doudizhu_spring_floower_12","parent":"bone"},{"transform":{"y":-93.17,"x":142.73},"name":"ef_doudizhu_spring_floower_13","parent":"bone"},{"length":17,"transform":{"skX":-29.2,"y":-38.78,"skY":-29.2,"x":-232.5},"parent":"bone","name":"ef_doudizhu_spring_fly_02"},{"transform":{"y":-28.3,"scX":1.5,"scY":1.5,"x":-1.47},"name":"ef_doudizhu_spring_glow","parent":"bone"},{"length":166,"transform":{"y":-64.73,"x":-86.8},"parent":"bone","name":"ef_doudizhu_spring_wor"}]}],"name":"chuntian_4","version":"4.5"}