{"frameRate":30,"armature":[{"defaultActions":[{"gotoAndPlay":"newAnimation"}],"type":"Armature","bone":[{"name":"root","transform":{}},{"transform":{"y":14.1835,"x":-8.95},"name":"dust1_ddz","parent":"root"},{"transform":{"y":97.2626,"x":279.8264},"name":"bg2","parent":"root"},{"length":115,"transform":{"skY":-90.646,"y":-51.25,"skX":-90.646,"x":9.4236},"parent":"root","name":"fire3_bomb_ddz"},{"length":174,"transform":{"skY":-90.247,"y":-17.45,"skX":-90.247,"x":3.1356},"parent":"root","name":"fire2_bomb_ddz"},{"transform":{"y":5.4391,"x":-2.9786},"name":"fire1_bomb_ddz","parent":"root"},{"transform":{"y":6.8261,"x":-10.9},"name":"dust2_ddz","parent":"root"},{"length":85,"transform":{"skY":-89.2968,"y":-126.695,"skX":-89.2968,"x":7.7797},"parent":"root","name":"fire5_bomb_ddz"},{"length":152,"transform":{"skY":-88.8749,"y":-96.0961,"skX":-88.8749,"x":2.5069},"parent":"root","name":"fire4_bomb_ddz"},{"length":103,"transform":{"skY":-91.6667,"y":289.7465,"skX":-91.6667,"x":-0.7159},"parent":"root","name":"bone"},{"transform":{"y":270.4,"x":398.65},"name":"smoke_bomb_ddz","parent":"root"},{"transform":{"y":540.8,"x":797.3},"name":"smoke_bomb_ddz1","parent":"root"},{"transform":{"y":1081.6,"x":1594.6},"name":"smoke_bomb_ddz11","parent":"root"},{"length":38,"transform":{"skY":44.9182,"y":174.4458,"skX":44.9182,"x":270.337},"parent":"bone","name":"fire7_bomb_ddz"},{"length":28,"transform":{"skY":-27.0703,"y":-176.0079,"skX":-27.0703,"x":297.4078},"parent":"bone","name":"fire6_bomb_ddz"},{"length":103,"transform":{"skY":-64.551,"y":-494.2491,"skX":-64.551,"x":-10.4517},"parent":"bg2","name":"11"},{"transform":{"y":-81.4126,"x":-10.2422},"name":"shadow_bomb_ddz","parent":"bg2"},{"length":44,"transform":{"skY":29.4851,"y":-1.3559,"skX":29.4851,"x":114.0875},"parent":"11","name":"bombline_ddz"},{"length":50,"transform":{"skY":-117.4357,"y":-13.6223,"skX":-117.4357,"x":-8.1438},"parent":"11","name":"33"},{"transform":{"y":-55.9467,"x":28.0843},"name":"55","parent":"11"},{"transform":{"y":6.2516,"x":50.3325},"name":"bombline_ddz1","parent":"bombline_ddz"}],"aabb":{"width":1850.417193535303,"y":-570.1930262249731,"height":1683.7395973766638,"x":-219.5209797761207},"animation":[{"duration":55,"frame":[],"zOrder":{"frame":[{"duration":17,"zOrder":[],"tweenEasing":null},{"duration":38,"zOrder":[2,3,3,3],"tweenEasing":null}]},"bone":[{"frame":[{"duration":55,"transform":{}}],"name":"root"},{"frame":[{"duration":55,"transform":{}}],"name":"dust1_ddz"},{"frame":[{"duration":2,"transform":{}},{"duration":12,"transform":{},"tweenEasing":0},{"duration":41,"transform":{"x":-264.759}}],"name":"bg2"},{"frame":[{"duration":23,"transform":{}},{"duration":2,"transform":{"y":-98.4609},"tweenEasing":0},{"duration":30,"transform":{"y":-98.4609,"scX":1.2085}}],"name":"fire3_bomb_ddz"},{"frame":[{"duration":19,"transform":{}},{"duration":1,"transform":{},"tweenEasing":0},{"duration":9,"transform":{"scX":1.4444,"scY":1.6},"tweenEasing":0},{"duration":26,"transform":{"scX":2.2,"scY":2.8}}],"name":"fire2_bomb_ddz"},{"frame":[{"duration":21,"transform":{}},{"duration":8,"transform":{},"tweenEasing":0},{"duration":26,"transform":{"scX":3,"scY":2.5}}],"name":"fire1_bomb_ddz"},{"frame":[{"duration":21,"transform":{}},{"duration":34,"transform":{"y":4.2715}}],"name":"dust2_ddz"},{"frame":[{"duration":28,"transform":{}},{"duration":3,"transform":{"y":-112.2151},"tweenEasing":0},{"duration":24,"transform":{"y":-141.7941}}],"name":"fire5_bomb_ddz"},{"frame":[{"duration":26,"transform":{}},{"duration":29,"transform":{"y":-92.7656}}],"name":"fire4_bomb_ddz"},{"frame":[{"duration":55,"transform":{}}],"name":"bone"},{"frame":[{"duration":26,"transform":{"y":-331.7228,"x":-382.8631},"tweenEasing":0},{"duration":8,"transform":{"y":-373.8382,"scX":0.01,"scY":0.01,"x":-456.4806},"tweenEasing":0},{"duration":14,"transform":{"skY":125.5795,"y":-390.8504,"scX":0.37,"scY":0.37,"skX":125.5795,"x":-459.5048},"tweenEasing":0},{"duration":7,"transform":{"skY":-86.7659,"y":-420.6216,"skX":-86.7659,"x":-464.7972}}],"name":"smoke_bomb_ddz"},{"frame":[{"duration":2,"transform":{}},{"duration":12,"transform":{"scX":0.8,"scY":0.8},"tweenEasing":0},{"duration":6,"transform":{},"tweenEasing":0},{"duration":35,"transform":{"scX":0.95,"scY":0.95}}],"name":"shadow_bomb_ddz"},{"frame":[{"duration":2,"transform":{}},{"duration":11,"curve":[0.5045454545454545,-0.07894736842105254,0.7545454545454545,0.5964912280701753],"transform":{"y":-15.5852}},{"duration":1,"transform":{"skY":-110.4848,"y":270.959,"skX":-110.4848},"tweenEasing":0},{"duration":2,"curve":[0.5,0,0.5,1],"transform":{"skY":-111.6527,"y":319.6041,"scY":0.92,"skX":-111.6527}},{"duration":2,"transform":{"skY":-127.3959,"y":263.8007,"skX":-127.3959,"x":-5.3461}},{"duration":37,"transform":{"skY":-143.1391,"y":207.9972,"skX":-143.1391,"x":-10.6922}}],"name":"11"},{"frame":[{"duration":21,"transform":{}},{"duration":4,"transform":{"y":-62.8552,"x":-9.0975},"tweenEasing":0},{"duration":30,"transform":{"y":88.4365,"scX":0.8123,"scY":0.8123,"x":103.1258}}],"name":"fire7_bomb_ddz"},{"frame":[{"duration":21,"transform":{}},{"duration":4,"transform":{"y":76.9344,"x":-12.6489},"tweenEasing":0},{"duration":30,"transform":{"y":-91.3302,"scX":0.6675,"scY":0.6675,"x":118.1044}}],"name":"fire6_bomb_ddz"},{"frame":[{"duration":55,"transform":{}}],"name":"55"},{"frame":[{"duration":2,"transform":{}},{"duration":16,"transform":{},"tweenEasing":0},{"duration":37,"transform":{"skY":-41.4123,"y":2.8171,"skX":-41.4123,"x":-55.7604}}],"name":"bombline_ddz"},{"frame":[{"duration":55,"transform":{}}],"name":"33"},{"frame":[{"duration":2,"transform":{}},{"duration":3,"transform":{"y":6.375,"scX":0.2,"scY":0.2,"x":5.6786},"tweenEasing":0},{"duration":3,"transform":{"y":6.375,"x":5.6786},"tweenEasing":0},{"duration":3,"transform":{"y":6.375,"scX":0.2,"scY":0.2,"x":5.6786},"tweenEasing":0},{"duration":3,"transform":{"y":6.375,"x":5.6786},"tweenEasing":0},{"duration":3,"transform":{"y":6.375,"scX":0.2,"scY":0.2,"x":5.6786},"tweenEasing":0},{"duration":1,"transform":{"y":6.375,"x":5.6786},"tweenEasing":0},{"duration":37,"transform":{"y":6.375,"scX":0.2,"scY":0.2,"x":5.6786}}],"name":"bombline_ddz1"},{"frame":[{"duration":29,"transform":{"y":-331.7228,"x":-382.8631},"tweenEasing":0},{"duration":13,"transform":{"y":-617.7975,"scX":0.01,"scY":0.01,"x":-793.2353},"tweenEasing":0},{"duration":13,"transform":{"skY":125.5795,"y":-649.1485,"scX":0.505,"scY":0.505,"skX":125.5795,"x":-755.7194},"tweenEasing":0},{"duration":0,"transform":{"skY":-86.7659,"y":-663.5497,"skX":-86.7659,"x":-728.5919}}],"name":"smoke_bomb_ddz1"},{"frame":[{"duration":36,"transform":{"y":-1124.6624,"x":-1641.0051},"tweenEasing":0},{"duration":6,"transform":{"y":-1124.6624,"scX":0.01,"scY":0.01,"x":-1641.0051},"tweenEasing":0},{"duration":5,"transform":{"skY":125.5795,"y":-1153.6634,"scX":0.55,"scY":0.55,"skX":125.5795,"x":-1615.3454},"tweenEasing":0},{"duration":8,"transform":{"skY":-86.7659,"y":-1177.8309,"skX":-86.7659,"x":-1593.9623}}],"name":"smoke_bomb_ddz11"}],"slot":[{"frame":[{"tweenEasing":0,"duration":26,"color":{"aM":0}},{"tweenEasing":0,"duration":4,"color":{"aM":0}},{"tweenEasing":0,"duration":6,"color":{"aM":31}},{"tweenEasing":0,"duration":12,"color":{"aM":33}},{"tweenEasing":null,"duration":7,"color":{"aM":0}}],"name":"smoke_bomb_ddz"},{"frame":[{"tweenEasing":0,"duration":2,"color":{"aM":0}},{"tweenEasing":0,"duration":6,"color":{"aM":28}},{"duration":6,"curve":[0.15909090909090903,0.6403508771929824,0.49090909090909085,0.982456140350877],"color":{"aM":42}},{"tweenEasing":0,"duration":6,"color":{"aM":75}},{"tweenEasing":0,"duration":1,"color":{"aM":75}},{"tweenEasing":null,"duration":34,"color":{"aM":0}}],"name":"shadow_bomb_ddz"},{"frame":[{"tweenEasing":0,"duration":20,"color":{"aM":0}},{"tweenEasing":0,"duration":1,"color":{"aM":0}},{"tweenEasing":0,"duration":4},{"tweenEasing":0,"duration":1},{"tweenEasing":null,"duration":29,"color":{"aM":0}}],"name":"fire7_bomb_ddz"},{"frame":[{"tweenEasing":0,"duration":20,"color":{"aM":0}},{"tweenEasing":0,"duration":1,"color":{"aM":0}},{"tweenEasing":0,"duration":4},{"tweenEasing":0,"duration":1},{"tweenEasing":null,"duration":29,"color":{"aM":0}}],"name":"fire6_bomb_ddz"},{"frame":[{"tweenEasing":0,"duration":27,"color":{"aM":0}},{"tweenEasing":0,"duration":1,"color":{"aM":0}},{"tweenEasing":0,"duration":3},{"tweenEasing":null,"duration":24,"color":{"aM":0}}],"name":"fire5_bomb_ddz"},{"frame":[{"tweenEasing":0,"duration":18,"color":{"aM":0}},{"tweenEasing":0,"duration":1,"color":{"aM":0}},{"tweenEasing":0,"duration":20},{"tweenEasing":0,"duration":16},{"tweenEasing":null,"duration":0,"color":{"aM":0}}],"name":"dust1_ddz"},{"frame":[{"tweenEasing":0,"duration":18,"color":{"aM":0}},{"tweenEasing":0,"duration":1,"color":{"aM":0}},{"tweenEasing":0,"duration":1},{"tweenEasing":0,"duration":6},{"tweenEasing":null,"duration":29,"color":{"aM":0}}],"name":"dust2_ddz"},{"frame":[{"tweenEasing":0,"duration":19,"color":{"aM":0}},{"tweenEasing":0,"duration":1,"color":{"aM":0}},{"tweenEasing":0,"duration":9},{"tweenEasing":null,"duration":26,"color":{"aM":0}}],"name":"fire1_bomb_ddz"},{"frame":[{"tweenEasing":0,"duration":22,"color":{"aM":0}},{"tweenEasing":0,"duration":1,"color":{"aM":0}},{"tweenEasing":0,"duration":2},{"tweenEasing":0,"duration":1},{"tweenEasing":null,"duration":29,"color":{"aM":0}}],"name":"fire3_bomb_ddz"},{"frame":[{"tweenEasing":0,"duration":25,"color":{"aM":0}},{"tweenEasing":0,"duration":1,"color":{"aM":0}},{"tweenEasing":0,"duration":1},{"tweenEasing":0,"duration":1},{"tweenEasing":null,"duration":27,"color":{"aM":0}}],"name":"fire4_bomb_ddz"},{"frame":[{"tweenEasing":0,"duration":18,"color":{"aM":0}},{"tweenEasing":0,"duration":1,"color":{"aM":0}},{"tweenEasing":0,"duration":1},{"tweenEasing":0,"duration":9,"color":{"aM":77}},{"tweenEasing":null,"duration":26,"color":{"aM":0}}],"name":"fire2_bomb_ddz"},{"frame":[{"tweenEasing":0,"duration":1,"color":{"aM":0}},{"tweenEasing":0,"duration":1,"color":{"aM":0}},{"tweenEasing":0,"duration":16},{"tweenEasing":0,"duration":1},{"tweenEasing":null,"duration":36,"color":{"aM":0}}],"name":"bombline_ddz"},{"frame":[{"tweenEasing":0,"duration":1,"color":{"aM":0}},{"tweenEasing":0,"duration":1,"color":{"aM":0}},{"tweenEasing":0,"duration":16},{"tweenEasing":0,"duration":1},{"tweenEasing":null,"duration":36,"color":{"aM":0}}],"name":"222"},{"frame":[{"tweenEasing":0,"duration":1,"color":{"aM":0}},{"tweenEasing":0,"duration":1,"color":{"aM":0}},{"tweenEasing":0,"duration":16},{"tweenEasing":0,"duration":1},{"tweenEasing":null,"duration":36,"color":{"aM":0}}],"name":"11"},{"frame":[{"tweenEasing":0,"duration":1,"color":{"aM":0}},{"tweenEasing":0,"duration":1,"color":{"aM":0}},{"tweenEasing":0,"duration":12,"color":{"aM":0}},{"tweenEasing":0,"duration":2,"color":{"aM":0}},{"tweenEasing":0,"duration":2},{"tweenEasing":0,"duration":1},{"tweenEasing":null,"duration":36,"color":{"aM":0}}],"name":"55"},{"frame":[{"tweenEasing":0,"duration":1,"color":{"aM":0}},{"tweenEasing":0,"duration":1,"color":{"aM":0}},{"tweenEasing":0,"duration":16},{"tweenEasing":0,"duration":1},{"tweenEasing":null,"duration":36,"color":{"aM":0}}],"name":"linefire_ddz"},{"frame":[{"tweenEasing":0,"duration":1,"color":{"aM":0}},{"tweenEasing":0,"duration":1,"color":{"aM":0}},{"tweenEasing":0,"duration":2},{"tweenEasing":0,"duration":10},{"tweenEasing":0,"duration":1},{"tweenEasing":0,"duration":3,"displayIndex":1},{"tweenEasing":0,"duration":1,"displayIndex":1},{"tweenEasing":null,"duration":36,"displayIndex":1,"color":{"aM":0}}],"name":"33"},{"frame":[{"tweenEasing":0,"duration":29,"color":{"aM":0}},{"tweenEasing":0,"duration":7,"color":{"aM":0}},{"tweenEasing":0,"duration":9,"color":{"aM":37}},{"tweenEasing":0,"duration":10,"color":{"aM":31}},{"tweenEasing":null,"duration":0,"color":{"aM":0}}],"name":"smoke_bomb_ddz1"},{"frame":[{"tweenEasing":0,"duration":36,"color":{"aM":0}},{"tweenEasing":0,"duration":3,"color":{"aM":0}},{"tweenEasing":0,"duration":5,"color":{"aM":19}},{"tweenEasing":0,"duration":3,"color":{"aM":17}},{"tweenEasing":null,"duration":8,"color":{"aM":0}}],"name":"smoke_bomb_ddz11"}],"ik":[],"playTimes":0,"name":"newAnimation","ffd":[]}],"slot":[{"color":{},"name":"smoke_bomb_ddz","parent":"smoke_bomb_ddz"},{"z":1,"color":{},"name":"shadow_bomb_ddz","parent":"shadow_bomb_ddz"},{"z":2,"color":{},"name":"fire7_bomb_ddz","parent":"fire7_bomb_ddz"},{"z":3,"color":{},"name":"fire6_bomb_ddz","parent":"fire6_bomb_ddz"},{"blendMode":"add","z":4,"color":{},"name":"fire5_bomb_ddz","parent":"fire5_bomb_ddz"},{"z":5,"color":{},"name":"dust1_ddz","parent":"dust1_ddz"},{"z":6,"color":{},"name":"dust2_ddz","parent":"dust2_ddz"},{"blendMode":"add","z":7,"color":{},"name":"fire1_bomb_ddz","parent":"fire1_bomb_ddz"},{"blendMode":"add","z":8,"color":{},"name":"fire3_bomb_ddz","parent":"fire3_bomb_ddz"},{"blendMode":"add","z":9,"color":{},"name":"fire4_bomb_ddz","parent":"fire4_bomb_ddz"},{"blendMode":"add","z":10,"color":{},"name":"fire2_bomb_ddz","parent":"fire2_bomb_ddz"},{"z":11,"color":{},"name":"bombline_ddz","parent":"bombline_ddz"},{"z":12,"color":{},"name":"222","parent":"11"},{"z":13,"color":{},"name":"11","parent":"11"},{"z":14,"color":{},"name":"55","parent":"55"},{"z":15,"color":{},"name":"linefire_ddz","parent":"bombline_ddz1"},{"z":16,"color":{},"name":"33","parent":"33"},{"z":17,"color":{},"name":"smoke_bomb_ddz1","parent":"smoke_bomb_ddz1"},{"z":18,"color":{},"name":"smoke_bomb_ddz11","parent":"smoke_bomb_ddz11"}],"ik":[],"name":"boom","frameRate":30,"skin":[{"name":"","slot":[{"display":[{"path":"11","type":"image","name":"11","transform":{"skY":64.551,"y":-0.8669,"skX":64.551,"x":3.6521}}],"name":"11"},{"display":[{"path":"55","type":"image","name":"55","transform":{"skY":64.6214,"y":55.1981,"skX":64.6214,"x":-23.3026}}],"name":"55"},{"display":[{"path":"fire7_bomb_ddz","type":"image","name":"fire7_bomb_ddz","transform":{"skY":86.0379,"y":4.0946,"scX":2.6,"scY":2.6,"skX":86.0379,"x":45.2826}}],"name":"fire7_bomb_ddz"},{"display":[{"path":"smoke_bomb_ddz","type":"image","name":"smoke_bomb_ddz","transform":{"y":-3.5534,"scX":1.9,"scY":1.9,"x":-1.2038}}],"name":"smoke_bomb_ddz11"},{"display":[{"path":"33","type":"image","name":"33","transform":{"skY":-178.0133,"y":4.529,"skX":-178.0133,"x":-18.5782}},{"path":"44","type":"image","name":"44","transform":{"skY":-178.0133,"y":0.9724,"skX":-178.0133,"x":-16.4213}}],"name":"33"},{"display":[{"path":"fire5_bomb_ddz","type":"image","name":"fire5_bomb_ddz","transform":{"skY":89.2968,"y":0.4195,"scX":2.6,"scY":2.6,"skX":89.2968,"x":4.7632}}],"blendMode":"add","name":"fire5_bomb_ddz"},{"display":[{"path":"dust2_ddz","type":"image","name":"dust2_ddz","transform":{"y":3.5266,"scX":2,"scY":2,"x":14.3308}}],"name":"dust2_ddz"},{"display":[{"path":"fire3_bomb_ddz","type":"image","name":"fire3_bomb_ddz","transform":{"skY":90.646,"y":-9.1162,"scX":2.6,"scY":2.6,"skX":90.646,"x":31.1057}}],"blendMode":"add","name":"fire3_bomb_ddz"},{"display":[{"path":"smoke_bomb_ddz","type":"image","name":"smoke_bomb_ddz","transform":{"y":-3.5534,"scX":1.9,"scY":1.9,"x":-1.2038}}],"name":"smoke_bomb_ddz"},{"display":[{"path":"fire1_bomb_ddz","type":"image","name":"fire1_bomb_ddz","transform":{"y":3.6046,"scY":0.8,"x":-2.7979}}],"blendMode":"add","name":"fire1_bomb_ddz"},{"display":[{"path":"linefire_ddz","type":"image","name":"linefire_ddz","transform":{"skY":35.0659,"y":-3.2968,"skX":35.0659,"x":-0.6821}}],"name":"linefire_ddz"},{"display":[{"path":"smoke_bomb_ddz","type":"image","name":"smoke_bomb_ddz","transform":{"y":-3.5534,"scX":1.9,"scY":1.9,"x":-1.2038}}],"name":"smoke_bomb_ddz1"},{"display":[{"path":"fire6_bomb_ddz","type":"image","name":"fire6_bomb_ddz","transform":{"skY":98.5121,"y":-4.731,"scX":2.6,"scY":2.6,"skX":98.5121,"x":11.5916}}],"name":"fire6_bomb_ddz"},{"display":[{"path":"222","type":"image","name":"222","transform":{"skY":64.551,"y":-3.0064,"skX":64.551,"x":103.2276}}],"name":"222"},{"display":[{"path":"fire4_bomb_ddz","type":"image","name":"fire4_bomb_ddz","transform":{"skY":88.8749,"y":9.8015,"scX":2.6,"scY":2.6,"skX":88.8749,"x":62.4083}}],"blendMode":"add","name":"fire4_bomb_ddz"},{"display":[{"path":"dust1_ddz","type":"image","name":"dust1_ddz","transform":{"y":2.5356,"scX":2,"scY":2,"x":13.8935}}],"name":"dust1_ddz"},{"display":[{"path":"fire2_bomb_ddz","type":"image","name":"fire2_bomb_ddz","transform":{"skY":90.247,"y":-0.6658,"scX":2,"scY":2.4,"skX":90.247,"x":78.8152}}],"blendMode":"add","name":"fire2_bomb_ddz"},{"display":[{"path":"bombline_ddz","type":"image","name":"bombline_ddz","transform":{"skY":70.3711,"y":5.4995,"skX":70.3711,"x":26.8883}}],"name":"bombline_ddz"},{"display":[{"path":"shadow_bomb_ddz","type":"image","name":"shadow_bomb_ddz","transform":{"y":1.218,"x":-0.5528}}],"name":"shadow_bomb_ddz"}]}]}],"isGlobal":0,"name":"Boom","version":"4.5"}