{"width":512,"imagePath":"Boom_tex.png","height":1024,"name":"Boom","SubTexture":[{"width":75,"y":325,"height":71,"name":"smoke_bomb_ddz","x":393},{"width":169,"y":519,"height":59,"name":"shadow_bomb_ddz","x":255},{"width":28,"y":59,"height":65,"name":"fire7_bomb_ddz","x":389},{"width":49,"y":1,"height":56,"name":"fire6_bomb_ddz","x":389},{"width":127,"y":422,"height":118,"name":"fire5_bomb_ddz","x":1},{"width":194,"y":326,"height":94,"name":"dust1_ddz","x":1},{"width":194,"y":334,"height":94,"name":"dust2_ddz","x":197},{"width":195,"y":195,"height":129,"name":"fire1_bomb_ddz","x":1},{"width":134,"y":195,"height":137,"name":"fire3_bomb_ddz","x":198},{"width":128,"y":195,"height":128,"name":"fire4_bomb_ddz","x":334},{"width":123,"y":430,"height":108,"name":"fire2_bomb_ddz","x":130},{"width":40,"y":1,"height":61,"name":"bombline_ddz","x":440},{"width":30,"y":398,"height":27,"name":"222","x":393},{"width":192,"y":1,"height":192,"name":"11","x":1},{"width":192,"y":1,"height":192,"name":"55","x":195},{"width":108,"y":430,"height":87,"name":"linefire_ddz","x":387},{"y":430,"frameWidth":192,"x":255,"frameHeight":192,"width":130,"frameY":-60,"height":87,"name":"33","frameX":-1},{"y":542,"frameWidth":192,"x":1,"frameHeight":192,"width":127,"frameY":-63,"height":69,"name":"44","frameX":-3}]}